{
  "rmse": 0.4568548227344568,
  "mae": 0.21633157138381537,
  "r2": 0.9332734061766909,
  "pearson": 0.9663529037487681
}