{
  "rmse": 1.1042751168661245,
  "mae": 0.8285508919007297,
  "r2": 0.6220179904284612,
  "pearson": 0.78871129615836
}