{"y_mean": 6.384759426116943, "y_std": 1.8406771421432495}